ID,Type,Level,Title,Description,Zone,Time,Camera ID,Resolved
1774762780,overcrowding,danger,Critical Overcrowding Detected,Density level: HIGH with 29 people detected,Zone B,2026-03-29T11:09:40.097202,4,False
1774762787,overcrowding,danger,Critical Overcrowding Detected,Density level: HIGH with 26 people detected,Zone A,2026-03-29T11:09:47.211953,4,False
1774762802,overcrowding,danger,Critical Overcrowding Detected,Density level: HIGH with 26 people detected,Zone B,2026-03-29T11:10:02.294595,4,False
1774762809,overcrowding,danger,Critical Overcrowding Detected,Density level: HIGH with 27 people detected,Zone B,2026-03-29T11:10:09.948164,4,False
1774762816,overcrowding,danger,Critical Overcrowding Detected,Density level: HIGH with 26 people detected,Zone A,2026-03-29T11:10:16.739962,4,False
1774762840,overcrowding,danger,Critical Overcrowding Detected,Density level: HIGH with 29 people detected,Zone B,2026-03-29T11:10:40.135928,4,False
1774762846,overcrowding,danger,Critical Overcrowding Detected,Density level: HIGH with 26 people detected,Zone A,2026-03-29T11:10:46.924233,4,False
1774762866,overcrowding,danger,Critical Overcrowding Detected,Density level: HIGH with 26 people detected,Zone B,2026-03-29T11:11:06.736133,4,False
1774762876,overcrowding,danger,Critical Overcrowding Detected,Density level: HIGH with 27 people detected,Zone B,2026-03-29T11:11:16.275850,4,False
1774762883,overcrowding,danger,Critical Overcrowding Detected,Density level: HIGH with 26 people detected,Zone A,2026-03-29T11:11:23.361724,4,False
1774762916,overcrowding,danger,Critical Overcrowding Detected,Density level: HIGH with 29 people detected,Zone B,2026-03-29T11:11:56.554081,4,False
1774762923,overcrowding,danger,Critical Overcrowding Detected,Density level: HIGH with 26 people detected,Zone A,2026-03-29T11:12:03.962204,4,False
1774762945,overcrowding,danger,Critical Overcrowding Detected,Density level: HIGH with 26 people detected,Zone B,2026-03-29T11:12:25.532450,4,False
1774762951,overcrowding,danger,Critical Overcrowding Detected,Density level: HIGH with 27 people detected,Zone B,2026-03-29T11:12:31.431262,4,False
1774762956,overcrowding,danger,Critical Overcrowding Detected,Density level: HIGH with 26 people detected,Zone A,2026-03-29T11:12:36.604733,4,False
1774762980,overcrowding,danger,Critical Overcrowding Detected,Density level: HIGH with 29 people detected,Zone B,2026-03-29T11:13:00.631338,4,False
1774762986,overcrowding,danger,Critical Overcrowding Detected,Density level: HIGH with 26 people detected,Zone A,2026-03-29T11:13:06.323391,4,False
1774763000,overcrowding,danger,Critical Overcrowding Detected,Density level: HIGH with 26 people detected,Zone B,2026-03-29T11:13:20.856345,4,False
1774763006,overcrowding,danger,Critical Overcrowding Detected,Density level: HIGH with 27 people detected,Zone B,2026-03-29T11:13:26.681223,4,False
1774763011,overcrowding,danger,Critical Overcrowding Detected,Density level: HIGH with 26 people detected,Zone A,2026-03-29T11:13:31.992914,4,False
1774763030,overcrowding,danger,Critical Overcrowding Detected,Density level: HIGH with 29 people detected,Zone B,2026-03-29T11:13:50.922524,4,False
1774763035,overcrowding,danger,Critical Overcrowding Detected,Density level: HIGH with 26 people detected,Zone A,2026-03-29T11:13:55.970035,4,False
1774763048,overcrowding,danger,Critical Overcrowding Detected,Density level: HIGH with 26 people detected,Zone B,2026-03-29T11:14:08.737448,4,False
1774763054,overcrowding,danger,Critical Overcrowding Detected,Density level: HIGH with 27 people detected,Zone B,2026-03-29T11:14:14.881247,4,False
1774763059,overcrowding,danger,Critical Overcrowding Detected,Density level: HIGH with 26 people detected,Zone A,2026-03-29T11:14:19.995849,4,False
1774763083,overcrowding,danger,Critical Overcrowding Detected,Density level: HIGH with 29 people detected,Zone B,2026-03-29T11:14:43.944561,4,False
1774763089,overcrowding,danger,Critical Overcrowding Detected,Density level: HIGH with 26 people detected,Zone A,2026-03-29T11:14:49.538949,4,False
1774763104,overcrowding,danger,Critical Overcrowding Detected,Density level: HIGH with 26 people detected,Zone B,2026-03-29T11:15:04.242975,4,False
1774763112,overcrowding,danger,Critical Overcrowding Detected,Density level: HIGH with 27 people detected,Zone B,2026-03-29T11:15:12.059322,4,False
1774763118,overcrowding,danger,Critical Overcrowding Detected,Density level: HIGH with 26 people detected,Zone A,2026-03-29T11:15:18.568789,4,False
1774763142,overcrowding,danger,Critical Overcrowding Detected,Density level: HIGH with 29 people detected,Zone B,2026-03-29T11:15:42.828006,4,False
1774763148,overcrowding,danger,Critical Overcrowding Detected,Density level: HIGH with 26 people detected,Zone A,2026-03-29T11:15:48.343894,4,False
1774763163,overcrowding,danger,Critical Overcrowding Detected,Density level: HIGH with 26 people detected,Zone B,2026-03-29T11:16:03.250316,4,False
1774763171,overcrowding,danger,Critical Overcrowding Detected,Density level: HIGH with 27 people detected,Zone B,2026-03-29T11:16:11.013949,4,False
1774763176,overcrowding,danger,Critical Overcrowding Detected,Density level: HIGH with 26 people detected,Zone A,2026-03-29T11:16:16.705467,4,False
1774763199,overcrowding,danger,Critical Overcrowding Detected,Density level: HIGH with 29 people detected,Zone B,2026-03-29T11:16:39.484734,4,False
1774763206,overcrowding,danger,Critical Overcrowding Detected,Density level: HIGH with 26 people detected,Zone A,2026-03-29T11:16:46.293788,4,False
1774763221,overcrowding,danger,Critical Overcrowding Detected,Density level: HIGH with 26 people detected,Zone B,2026-03-29T11:17:01.262269,4,False
1774763229,overcrowding,danger,Critical Overcrowding Detected,Density level: HIGH with 27 people detected,Zone B,2026-03-29T11:17:09.597083,4,False
1774763235,overcrowding,danger,Critical Overcrowding Detected,Density level: HIGH with 26 people detected,Zone A,2026-03-29T11:17:15.999873,4,False
1774763270,overcrowding,danger,Critical Overcrowding Detected,Density level: HIGH with 29 people detected,Zone B,2026-03-29T11:17:50.639164,4,False
1774763277,overcrowding,danger,Critical Overcrowding Detected,Density level: HIGH with 26 people detected,Zone A,2026-03-29T11:17:57.687434,4,False
1774763295,overcrowding,danger,Critical Overcrowding Detected,Density level: HIGH with 26 people detected,Zone B,2026-03-29T11:18:15.049372,4,False
1774763303,overcrowding,danger,Critical Overcrowding Detected,Density level: HIGH with 27 people detected,Zone B,2026-03-29T11:18:23.841029,4,False
1774763309,overcrowding,danger,Critical Overcrowding Detected,Density level: HIGH with 27 people detected,Zone A,2026-03-29T11:18:29.308726,4,False
1774763336,overcrowding,danger,Critical Overcrowding Detected,Density level: HIGH with 29 people detected,Zone B,2026-03-29T11:18:56.304043,4,False
1774763343,overcrowding,danger,Critical Overcrowding Detected,Density level: HIGH with 26 people detected,Zone A,2026-03-29T11:19:03.576079,4,False
1774763360,overcrowding,danger,Critical Overcrowding Detected,Density level: HIGH with 26 people detected,Zone B,2026-03-29T11:19:20.770464,4,False
1774763366,overcrowding,danger,Critical Overcrowding Detected,Density level: HIGH with 27 people detected,Zone B,2026-03-29T11:19:26.474523,4,False
1774763371,overcrowding,danger,Critical Overcrowding Detected,Density level: HIGH with 26 people detected,Zone A,2026-03-29T11:19:31.611071,4,False
1774763399,overcrowding,danger,Critical Overcrowding Detected,Density level: HIGH with 29 people detected,Zone B,2026-03-29T11:19:59.090840,4,False
1774763404,overcrowding,danger,Critical Overcrowding Detected,Density level: HIGH with 26 people detected,Zone A,2026-03-29T11:20:04.378777,4,False
1774763420,overcrowding,danger,Critical Overcrowding Detected,Density level: HIGH with 26 people detected,Zone B,2026-03-29T11:20:20.961932,4,False
1774763429,overcrowding,danger,Critical Overcrowding Detected,Density level: HIGH with 27 people detected,Zone B,2026-03-29T11:20:29.290181,4,False
1774763434,overcrowding,danger,Critical Overcrowding Detected,Density level: HIGH with 26 people detected,Zone A,2026-03-29T11:20:34.844053,4,False
1774763457,overcrowding,danger,Critical Overcrowding Detected,Density level: HIGH with 29 people detected,Zone B,2026-03-29T11:20:57.046767,4,False
1774763470,overcrowding,danger,Critical Overcrowding Detected,Density level: HIGH with 26 people detected,Zone A,2026-03-29T11:21:10.173008,4,False
1774763500,overcrowding,danger,Critical Overcrowding Detected,Density level: HIGH with 26 people detected,Zone B,2026-03-29T11:21:40.242216,4,False
1774763515,overcrowding,danger,Critical Overcrowding Detected,Density level: HIGH with 27 people detected,Zone B,2026-03-29T11:21:55.480312,4,False
1774763524,overcrowding,danger,Critical Overcrowding Detected,Density level: HIGH with 27 people detected,Zone A,2026-03-29T11:22:04.279962,4,False
1774763574,overcrowding,danger,Critical Overcrowding Detected,Density level: HIGH with 29 people detected,Zone B,2026-03-29T11:22:54.095393,4,False
1774763587,overcrowding,danger,Critical Overcrowding Detected,Density level: HIGH with 26 people detected,Zone A,2026-03-29T11:23:07.586005,4,False
1774763618,overcrowding,danger,Critical Overcrowding Detected,Density level: HIGH with 26 people detected,Zone B,2026-03-29T11:23:38.577313,4,False
1774763635,overcrowding,danger,Critical Overcrowding Detected,Density level: HIGH with 27 people detected,Zone B,2026-03-29T11:23:55.399813,4,False
1774763644,overcrowding,danger,Critical Overcrowding Detected,Density level: HIGH with 27 people detected,Zone A,2026-03-29T11:24:04.410172,4,False
1774763687,overcrowding,danger,Critical Overcrowding Detected,Density level: HIGH with 29 people detected,Zone B,2026-03-29T11:24:47.973991,4,False
1774763700,overcrowding,danger,Critical Overcrowding Detected,Density level: HIGH with 26 people detected,Zone A,2026-03-29T11:25:00.204853,4,False
1774763729,overcrowding,danger,Critical Overcrowding Detected,Density level: HIGH with 26 people detected,Zone B,2026-03-29T11:25:29.963817,4,False
1774763745,overcrowding,danger,Critical Overcrowding Detected,Density level: HIGH with 27 people detected,Zone B,2026-03-29T11:25:45.219894,4,False
1774763753,overcrowding,danger,Critical Overcrowding Detected,Density level: HIGH with 27 people detected,Zone A,2026-03-29T11:25:53.652689,4,False
1774763802,overcrowding,danger,Critical Overcrowding Detected,Density level: HIGH with 29 people detected,Zone B,2026-03-29T11:26:42.410545,4,False
1774763814,overcrowding,danger,Critical Overcrowding Detected,Density level: HIGH with 26 people detected,Zone A,2026-03-29T11:26:54.606134,4,False
1774763844,overcrowding,danger,Critical Overcrowding Detected,Density level: HIGH with 26 people detected,Zone B,2026-03-29T11:27:24.147445,4,False
1774763858,overcrowding,danger,Critical Overcrowding Detected,Density level: HIGH with 27 people detected,Zone B,2026-03-29T11:27:38.558905,4,False
1774763867,overcrowding,danger,Critical Overcrowding Detected,Density level: HIGH with 27 people detected,Zone A,2026-03-29T11:27:47.210949,4,False
1774763909,overcrowding,danger,Critical Overcrowding Detected,Density level: HIGH with 29 people detected,Zone B,2026-03-29T11:28:29.875209,4,False
1774763919,overcrowding,danger,Critical Overcrowding Detected,Density level: HIGH with 26 people detected,Zone A,2026-03-29T11:28:39.844024,4,False
1774763941,overcrowding,danger,Critical Overcrowding Detected,Density level: HIGH with 26 people detected,Zone B,2026-03-29T11:29:01.695933,4,False
1774763952,overcrowding,danger,Critical Overcrowding Detected,Density level: HIGH with 27 people detected,Zone B,2026-03-29T11:29:12.770183,4,False
1774763959,overcrowding,danger,Critical Overcrowding Detected,Density level: HIGH with 27 people detected,Zone A,2026-03-29T11:29:19.445930,4,False
1774763997,overcrowding,danger,Critical Overcrowding Detected,Density level: HIGH with 29 people detected,Zone B,2026-03-29T11:29:57.362911,4,False
1774764008,overcrowding,danger,Critical Overcrowding Detected,Density level: HIGH with 26 people detected,Zone A,2026-03-29T11:30:08.368162,4,False
1774764032,overcrowding,danger,Critical Overcrowding Detected,Density level: HIGH with 26 people detected,Zone B,2026-03-29T11:30:32.693804,4,False
1774764044,overcrowding,danger,Critical Overcrowding Detected,Density level: HIGH with 27 people detected,Zone B,2026-03-29T11:30:44.564333,4,False
1774764052,overcrowding,danger,Critical Overcrowding Detected,Density level: HIGH with 27 people detected,Zone A,2026-03-29T11:30:52.361534,4,False
1774764091,overcrowding,danger,Critical Overcrowding Detected,Density level: HIGH with 29 people detected,Zone B,2026-03-29T11:31:31.095900,4,False
1774764101,overcrowding,danger,Critical Overcrowding Detected,Density level: HIGH with 26 people detected,Zone A,2026-03-29T11:31:41.320209,4,False
1774764125,overcrowding,danger,Critical Overcrowding Detected,Density level: HIGH with 26 people detected,Zone B,2026-03-29T11:32:05.355857,4,False
1774764136,overcrowding,danger,Critical Overcrowding Detected,Density level: HIGH with 27 people detected,Zone B,2026-03-29T11:32:16.762566,4,False
1774764143,overcrowding,danger,Critical Overcrowding Detected,Density level: HIGH with 27 people detected,Zone A,2026-03-29T11:32:23.050076,4,False
1774764182,overcrowding,danger,Critical Overcrowding Detected,Density level: HIGH with 29 people detected,Zone B,2026-03-29T11:33:02.876866,4,False
1774764192,overcrowding,danger,Critical Overcrowding Detected,Density level: HIGH with 26 people detected,Zone A,2026-03-29T11:33:12.986286,4,False
1774764217,overcrowding,danger,Critical Overcrowding Detected,Density level: HIGH with 26 people detected,Zone B,2026-03-29T11:33:37.442625,4,False
1774764229,overcrowding,danger,Critical Overcrowding Detected,Density level: HIGH with 27 people detected,Zone B,2026-03-29T11:33:49.272296,4,False
1774764236,overcrowding,danger,Critical Overcrowding Detected,Density level: HIGH with 27 people detected,Zone A,2026-03-29T11:33:56.484377,4,False
1774764275,overcrowding,danger,Critical Overcrowding Detected,Density level: HIGH with 29 people detected,Zone B,2026-03-29T11:34:35.678015,4,False
1774764443,overcrowding,danger,Critical Overcrowding Detected,Density level: HIGH with 29 people detected,Zone B,2026-03-29T11:37:23.074158,4,False
1774765194,overcrowding,danger,Critical Overcrowding Detected,Density level: HIGH with 26 people detected,Zone A,2026-03-29T11:49:54.801974,4,False
1774765217,overcrowding,danger,Critical Overcrowding Detected,Density level: HIGH with 26 people detected,Zone B,2026-03-29T11:50:17.385352,4,False
1774765225,overcrowding,danger,Critical Overcrowding Detected,Density level: HIGH with 27 people detected,Zone B,2026-03-29T11:50:25.499440,4,False
1774765230,overcrowding,danger,Critical Overcrowding Detected,Density level: HIGH with 27 people detected,Zone A,2026-03-29T11:50:30.498118,4,False
1774765255,overcrowding,danger,Critical Overcrowding Detected,Density level: HIGH with 29 people detected,Zone B,2026-03-29T11:50:55.746421,4,False
1774765261,overcrowding,danger,Critical Overcrowding Detected,Density level: HIGH with 26 people detected,Zone A,2026-03-29T11:51:01.914458,4,False
1774765276,overcrowding,danger,Critical Overcrowding Detected,Density level: HIGH with 26 people detected,Zone B,2026-03-29T11:51:16.746963,4,False
1774765283,overcrowding,danger,Critical Overcrowding Detected,Density level: HIGH with 27 people detected,Zone B,2026-03-29T11:51:23.935035,4,False
1774765290,overcrowding,danger,Critical Overcrowding Detected,Density level: HIGH with 26 people detected,Zone A,2026-03-29T11:51:30.578298,4,False
1774765312,overcrowding,danger,Critical Overcrowding Detected,Density level: HIGH with 29 people detected,Zone B,2026-03-29T11:51:52.445621,4,False
1774765318,overcrowding,danger,Critical Overcrowding Detected,Density level: HIGH with 26 people detected,Zone A,2026-03-29T11:51:58.460880,4,False
1774765333,overcrowding,danger,Critical Overcrowding Detected,Density level: HIGH with 26 people detected,Zone B,2026-03-29T11:52:13.476364,4,False
1774765340,overcrowding,danger,Critical Overcrowding Detected,Density level: HIGH with 27 people detected,Zone B,2026-03-29T11:52:20.578513,4,False
1774765346,overcrowding,danger,Critical Overcrowding Detected,Density level: HIGH with 26 people detected,Zone A,2026-03-29T11:52:26.442362,4,False
1774765368,overcrowding,danger,Critical Overcrowding Detected,Density level: HIGH with 29 people detected,Zone B,2026-03-29T11:52:48.742178,4,False
1774765374,overcrowding,danger,Critical Overcrowding Detected,Density level: HIGH with 26 people detected,Zone A,2026-03-29T11:52:54.756064,4,False
1774765388,overcrowding,danger,Critical Overcrowding Detected,Density level: HIGH with 26 people detected,Zone B,2026-03-29T11:53:08.773226,4,False
1774765395,overcrowding,danger,Critical Overcrowding Detected,Density level: HIGH with 27 people detected,Zone B,2026-03-29T11:53:15.720209,4,False
1774765401,overcrowding,danger,Critical Overcrowding Detected,Density level: HIGH with 26 people detected,Zone A,2026-03-29T11:53:21.509346,4,False
1774765433,overcrowding,danger,Critical Overcrowding Detected,Density level: HIGH with 29 people detected,Zone B,2026-03-29T11:53:53.411365,4,False
1774765442,overcrowding,danger,Critical Overcrowding Detected,Density level: HIGH with 26 people detected,Zone A,2026-03-29T11:54:02.057100,4,False
1774765462,overcrowding,danger,Critical Overcrowding Detected,Density level: HIGH with 26 people detected,Zone B,2026-03-29T11:54:22.352557,4,False
1774765472,overcrowding,danger,Critical Overcrowding Detected,Density level: HIGH with 27 people detected,Zone B,2026-03-29T11:54:32.465996,4,False
1774765479,overcrowding,danger,Critical Overcrowding Detected,Density level: HIGH with 27 people detected,Zone A,2026-03-29T11:54:39.030527,4,False
1774765515,overcrowding,danger,Critical Overcrowding Detected,Density level: HIGH with 29 people detected,Zone B,2026-03-29T11:55:15.324613,4,False
1774765523,overcrowding,danger,Critical Overcrowding Detected,Density level: HIGH with 26 people detected,Zone A,2026-03-29T11:55:23.567988,4,False
1774765545,overcrowding,danger,Critical Overcrowding Detected,Density level: HIGH with 26 people detected,Zone B,2026-03-29T11:55:45.595817,4,False
1774765556,overcrowding,danger,Critical Overcrowding Detected,Density level: HIGH with 27 people detected,Zone B,2026-03-29T11:55:56.294080,4,False
1774765562,overcrowding,danger,Critical Overcrowding Detected,Density level: HIGH with 27 people detected,Zone A,2026-03-29T11:56:02.684285,4,False
1774765598,overcrowding,danger,Critical Overcrowding Detected,Density level: HIGH with 29 people detected,Zone B,2026-03-29T11:56:38.625857,4,False
1774766474,overcrowding,danger,Critical Overcrowding Detected,Density level: HIGH with 26 people detected,Zone A,2026-03-29T12:11:14.213701,4,False
1774766498,overcrowding,danger,Critical Overcrowding Detected,Density level: HIGH with 26 people detected,Zone B,2026-03-29T12:11:38.214379,4,False
1774766506,overcrowding,danger,Critical Overcrowding Detected,Density level: HIGH with 27 people detected,Zone B,2026-03-29T12:11:46.879815,4,False
1774766513,overcrowding,danger,Critical Overcrowding Detected,Density level: HIGH with 26 people detected,Zone A,2026-03-29T12:11:53.374139,4,False
1782554045,overcrowding,danger,Critical Overcrowding Detected,Density level: HIGH with 29 people detected,Zone B,2026-06-27T15:24:05.558395,4,False
1782554064,overcrowding,danger,Critical Overcrowding Detected,Density level: HIGH with 26 people detected,Zone A,2026-06-27T15:24:24.674143,4,False
1782554110,overcrowding,danger,Critical Overcrowding Detected,Density level: HIGH with 26 people detected,Zone B,2026-06-27T15:25:10.944573,4,False
1782554131,overcrowding,danger,Critical Overcrowding Detected,Density level: HIGH with 27 people detected,Zone B,2026-06-27T15:25:31.906015,4,False
1782554144,overcrowding,danger,Critical Overcrowding Detected,Density level: HIGH with 27 people detected,Zone A,2026-06-27T15:25:44.940011,4,False
1782554151,overcrowding,danger,Critical Overcrowding Detected,Density level: HIGH with 26 people detected,Zone A,2026-06-27T15:25:51.888981,4,False
